# BJD       ,   rvs,   rvs_sigma,    idset,    o_c,    model_rvs,  model pl_1,    model pl_2,    GP model mu,   GP model var,   GP model std,   
2452068.06070,5696.53480,  33.90000,   1.00000, -43.33428,5739.86908,   1.32013,5738.54895,   5.18597,  92.88688,   9.63778
2452102.11370,3995.43480,  19.40000,   1.00000,  19.29925,3976.13555,  11.63864,3964.49690,   8.93256,  68.45189,   8.27357
2452121.09200,2786.53480,  13.30000,   1.00000,   9.15993,2777.37487,  16.31812,2761.05676,   7.68999,  61.89681,   7.86745
2452180.88390,-1304.66520,  26.50000,   1.00000, -15.10423,-1289.56097,  24.77979,-1314.34075,  -1.62920,  76.95064,   8.77215
2452219.89850,-3538.76520,  18.20000,   1.00000,  10.14456,-3548.90976,  25.58056,-3574.49032,   1.61103,  49.55084,   7.03924
2452220.99430,-3594.86520,  11.90000,   1.00000,   8.82001,-3603.68521,  25.55772,-3629.24293,   1.80789,  49.37750,   7.02691
2452312.94060,-6392.76520,  15.60000,   1.00000,   3.11037,-6395.87557, -12.41279,-6383.46278,   6.75816,  49.09627,   7.00687
2452351.99700,-6668.19120,  12.30000,   1.00000, -10.52675,-6657.66445, -30.20918,-6627.45527,  -1.65651,  48.64961,   6.97493
2452390.81770,-6544.86520,  15.70000,   1.00000, -14.38407,-6530.48113, -31.89839,-6498.58275,  -3.24361,  43.53453,   6.59807
2452423.87848,-6197.04320,  13.62500,   1.00000,   2.00059,-6199.04379, -23.60018,-6175.44362,   3.43130,  36.49280,   6.04093
2452425.53812,-6172.36720,  16.02500,   1.00000,   5.76968,-6178.13688, -23.04720,-6155.08969,   3.86122,  36.38069,   6.03164
2452454.22235,-5759.74420,  12.35000,   1.00000,   4.30162,-5764.04582, -12.39424,-5751.65158,  10.46697,  31.22380,   5.58783
2452483.05500,-5254.65420,  12.15000,   1.00000,   8.89332,-5263.54752,  -0.65149,-5262.89603,  13.31631,  17.73460,   4.21125
2452484.16865,-5226.39420,  10.90000,   1.00000,  16.40201,-5242.79621,  -0.19398,-5242.60223,  13.31836,  17.36652,   4.16732
2452485.07865,-5208.94220,  10.65000,   1.00000,  16.82587,-5225.76807,   0.17960,-5225.94766,  13.30107,  17.21283,   4.14883
2452486.12350,-5168.16520,  17.10000,   1.00000,  37.97269,-5206.13789,   0.60817,-5206.74607,  13.25708,  17.20957,   4.14844
2452487.14340,-5172.64720,  11.35000,   1.00000,  14.24884,-5186.89604,   1.02608,-5187.92212,  13.16217,  17.28085,   4.15702
2452502.96535,-4869.05120,  15.25000,   1.00000,   9.67162,-4878.72282,   7.40002,-4886.12283,  10.76194,  21.88547,   4.67819
2452505.80290,-4798.36520,  10.90000,   1.00000,  23.27460,-4821.63980,   8.50788,-4830.14769,  10.20311,  23.12573,   4.80892
2452545.09500,-3991.96520,  13.20000,   1.00000,  -8.46867,-3983.49653,  21.30566,-4004.80220,   0.60406,  36.80950,   6.06708
2452569.07620,-3428.95020,  13.30000,   1.00000,   7.42401,-3436.37421,  26.02639,-3462.40061,  -0.41787,  32.66123,   5.71500
2452592.07570,-2887.12320,  10.45000,   1.00000,   5.03313,-2892.15633,  28.22595,-2920.38229,   1.52675,  28.06698,   5.29783
2452600.89720,-2674.34620,  11.88000,   1.00000,   4.71813,-2679.06433,  28.40665,-2707.47099,   2.59726,  28.52701,   5.34107
2452622.95375,-2146.88620,  18.70000,   1.00000,  -9.78122,-2137.10498,  27.04883,-2164.15381,   4.92712,  32.11001,   5.66657
2452636.96760,-1771.06320,  12.60000,   1.00000,  15.71090,-1786.77410,  24.70462,-1811.47872,   5.88846,  32.17921,   5.67267
2452658.06040,-1276.46520,  19.50000,   1.00000, -24.37260,-1252.09260,  18.76840,-1270.86101,   4.74736,  31.57554,   5.61921
2452671.90170,-886.13520,  12.65000,   1.00000,  10.91197,-897.04717,  13.24595,-910.29312,   3.41512,  29.96899,   5.47439
2452673.12883,-867.21320,  18.00000,   1.00000,  -1.79027,-865.42293,  12.69607,-878.11900,   3.23483,  29.99926,   5.47716
2452686.06768,-537.65820,  20.12500,   1.00000,  -7.09629,-530.56191,   6.35854,-536.92045,   1.23129,  30.80139,   5.54990
2452716.06955, 256.63780,  13.80000,   1.00000,   0.22567, 256.41213, -10.71125, 267.12338,  -2.97765,  27.39872,   5.23438
2452717.09410, 268.91580,  14.90000,   1.00000, -14.66387, 283.57967, -11.30305, 294.88272,  -3.09286,  27.29849,   5.22480
2452720.13887, 368.06280,  13.63300,   1.00000,   3.61760, 364.44520, -13.04653, 377.49173,  -3.33184,  27.37423,   5.23204
2452744.11180,1012.00680,  12.55000,   1.00000,   3.50111,1008.50569, -25.14199,1033.64768,  -4.38048,  31.12139,   5.57865
2452745.86293,1061.38380,  21.70000,   1.00000,   5.28280,1056.10100, -25.85786,1081.95887,  -4.41111,  31.70435,   5.63066
2452803.09655,2630.11780,  12.35000,   1.00000, -20.59338,2650.71118, -31.52327,2682.23446,  -2.32844,  40.92985,   6.39764
2452871.07775,4555.16380,  13.20000,   1.00000, -14.96052,4570.12432,  -8.09876,4578.22308,  -6.85916,  37.17266,   6.09694
2452887.85125,5025.20480,  14.55000,   1.00000,  -0.38841,5025.59321,  -1.19895,5026.79216,  -9.61137,  32.83131,   5.72986
2452917.54815,5776.08380,  13.25000,   1.00000, -14.66636,5790.75016,   9.96905,5780.78111, -12.09416,  23.54231,   4.85204
2452919.04440,5801.89080,  15.40000,   1.00000, -25.59556,5827.48636,  10.48339,5817.00297, -12.04149,  23.07006,   4.80313
2452920.07740,5833.40780,  14.70000,   1.00000, -19.32110,5852.72890,  10.83551,5841.89339, -11.96456,  22.83730,   4.77884
2452946.92605,6464.21180,  11.30000,   1.00000,  -4.55205,6468.76385,  19.07814,6449.68571,  -6.97018,  16.42230,   4.05244
2452949.12920,6502.53480,  10.30000,   1.00000, -12.80676,6515.34156,  19.67052,6495.67104,  -6.42940,  15.99013,   3.99877
2452950.11360,6521.53480,  13.20000,   1.00000, -14.39416,6535.92896,  19.93071,6515.99825,  -6.15443,  15.94152,   3.99268
2452951.08195,6570.66980,  10.75000,   1.00000,  14.62689,6556.04291,  20.18391,6535.85900,  -5.85898,  15.97982,   3.99748
2452952.09620,6571.83480,  11.60000,   1.00000,  -5.12687,6576.96167,  20.44615,6556.51552,  -5.63905,  16.15746,   4.01963
2452982.11985,7121.10480,  10.00000,   1.00000,   5.05008,7116.05472,  26.65197,7089.40274,   0.19113,  19.37354,   4.40154
2452984.90940,7154.03980,  12.60000,   1.00000,  -2.95082,7156.99062,  27.05213,7129.93849,   0.47566,  19.46132,   4.41150
2452986.89020,7177.53480,  12.30000,   1.00000,  -7.43074,7184.96554,  27.31517,7157.65037,   0.66832,  19.70207,   4.43870
2453011.99980,7455.73480,  14.40000,   1.00000,   5.17837,7450.55643,  28.92244,7421.63399,   1.11146,  21.35969,   4.62165
2453012.00440,7454.03480,  13.70000,   1.00000,   3.44652,7450.58828,  28.92241,7421.66587,   1.11100,  21.35980,   4.62167
2453015.03395,7489.88280,  20.05000,   1.00000,  19.79841,7470.08439,  28.87309,7441.21130,   0.75131,  21.74723,   4.66339
2453016.08945,7466.29780,  13.60000,   1.00000,  -9.87347,7476.17127,  28.84234,7447.32894,   0.58233,  21.92551,   4.68247
2453024.87810,7505.23480,  14.60000,   1.00000,  -6.80396,7512.03876,  28.30370,7483.73505,  -0.90899,  24.15820,   4.91510
2453047.14575,7458.87780,  16.05000,   1.00000, -12.25638,7471.13418,  24.51984,7446.61434,  -6.35615,  27.98499,   5.29008
2453065.15907,7276.30980,  13.43300,   1.00000,  -2.19044,7278.50024,  18.78944,7259.71080, -11.05726,  26.41787,   5.13983
2453068.22375,7221.12480,   9.35000,   1.00000,  -8.81084,7229.93564,  17.57805,7212.35759, -11.83743,  26.09208,   5.10804
2453105.11285,6226.02180,  10.30000,   1.00000, -22.27024,6248.29204,  -1.80159,6250.09363, -15.69541,  26.66641,   5.16395
2453106.19720,6196.47180,  12.40000,   1.00000, -11.43774,6207.90954,  -2.48125,6210.39079, -15.55471,  26.94793,   5.19114
2453108.16933,6099.27480,  19.75000,   1.00000, -33.48271,6132.75751,  -3.72724,6136.48475, -15.29200,  27.84731,   5.27706
2453109.15724,6056.16780,  19.74000,   1.00000, -38.11639,6094.28419,  -4.35564,6098.63983, -15.12072,  28.38823,   5.32806
2453185.07145,1790.36180,  11.80000,   1.00000,  23.38075,1766.98105, -30.21555,1797.19660,   5.77296,  27.19356,   5.21474
2453187.30345,1618.10280,  14.20000,   1.00000,   5.10522,1612.99758, -30.29166,1643.28924,   5.58463,  26.29351,   5.12772
2453188.67762,1527.85480,  12.02000,   1.00000,   9.88950,1517.96530, -30.32218,1548.28748,   5.43824,  25.97005,   5.09608
2453189.81123,1438.25580,  15.23300,   1.00000,  -1.20272,1439.45852, -30.33803,1469.79654,   5.28163,  25.93741,   5.09288
2453216.97391,-444.91720,  14.48800,   1.00000,  -8.67671,-436.24049, -28.32497,-407.91551,  -2.03001,  33.84673,   5.81779
2453217.85735,-505.26620,  14.32500,   1.00000,  -9.28368,-495.98252, -28.18757,-467.79495,  -2.33999,  34.35350,   5.86119
2453434.06767,-6506.60220,  14.60000,   1.00000, -17.40320,-6489.19900,  32.11861,-6521.31760, -11.42110,  55.80118,   7.47002
2453487.85632,-5966.65120,  16.03300,   1.00000,  -2.96904,-5963.68216,  17.32937,-5981.01153,  -6.66909,  67.95043,   8.24321
2453607.98662,-3761.81620,  19.80000,   1.00000,   5.27781,-3767.09401, -31.65213,-3735.44189,  -6.95365,  53.57092,   7.31922
2453633.99600,-3172.46520,  11.50000,   1.00000, -12.17976,-3160.28544, -28.09397,-3132.19147, -10.48518,  27.14382,   5.20997
2453634.24920,-3163.33620,  14.98700,   1.00000,  -9.12243,-3154.21377, -28.03791,-3126.17586, -10.48842,  27.05703,   5.20164
2453635.92955,-3133.79820,  26.17500,   1.00000, -19.95321,-3113.84499, -27.65697,-3086.18803, -10.49943,  26.76413,   5.17341
2453636.10537,-3129.10020,  13.52500,   1.00000, -19.48655,-3109.61365, -27.61623,-3081.99743, -10.49776,  26.74827,   5.17187
2453637.17000,-3086.89520,  20.70000,   1.00000,  -2.93312,-3083.96208, -27.36604,-3056.59604, -10.45462,  26.84233,   5.18096
2453659.04934,-2550.59720,  19.30000,   1.00000,  -4.49877,-2546.09843, -21.07388,-2525.02456,  -7.54273,  41.82375,   6.46713
2453660.08495,-2526.27620,  16.82500,   1.00000,  -6.11199,-2520.16421, -20.72998,-2499.43423,  -7.31976,  43.16339,   6.56989
2453829.87940,2078.98280,  13.67100,   1.00000,  -3.58301,2082.56581,  28.40041,2054.16540,  -6.06821,  45.15235,   6.71955
2453830.34610,2095.32080,  13.63300,   1.00000,  -0.35652,2095.67732,  28.41334,2067.26398,  -6.01531,  45.36238,   6.73516
2453928.11210,4780.75880,  22.76700,   1.00000,  13.20274,4767.55606,  -1.91160,4769.46766,   4.34421, 113.27715,  10.64317
2454024.11360,6914.21057,  51.85000,   2.00000,   6.57460,6907.63597, -33.78337,6941.41934,  -5.62238,  95.80645,   9.78808
2454157.90365,6160.50380,  11.15000,   1.00000,  -3.83908,6164.34288,  12.81385,6151.52903,  -8.03632,  21.54245,   4.64138
2454158.64043,6114.15080,  12.68600,   1.00000, -22.58744,6136.73824,  13.03950,6123.69874,  -8.17413,  21.21136,   4.60558
2454159.93636,6075.46780,  11.80000,   1.00000, -11.96904,6087.43684,  13.43343,6074.00341,  -8.34959,  20.93256,   4.57521
2454160.85363,6045.98380,   6.83300,   1.00000,  -5.98181,6051.96561,  13.70993,6038.25569,  -8.45543,  20.97472,   4.57982
2454854.12083,1284.30415,   3.60000,   3.00000,  -0.44895,1284.75310, -30.17624,1314.92934,  -0.59359,   5.96047,   2.44141
2454855.18845,1315.42515,   4.25000,   3.00000,   0.77248,1314.65267, -30.03975,1344.69241,  -0.82162,   5.77053,   2.40219
2454856.16997,1338.63315,   3.66700,   3.00000,  -3.52825,1342.16140, -29.90739,1372.06879,  -1.07414,   5.94204,   2.43763
2455182.96923,6886.71615,   3.76700,   3.00000,   2.49601,6884.22014, -18.50573,6902.72587,   8.81200,   3.62916,   1.90504
2455183.00325,6889.54515,   3.85000,   3.00000,   6.15754,6883.38761, -18.52516,6901.91278,   8.82780,   3.61613,   1.90161
2455184.90975,6850.49615,   3.80000,   3.00000,  14.74979,6835.74636, -19.60212,6855.34847,   9.84361,   3.26227,   1.80617
2455185.93285,6821.50915,   3.22000,   3.00000,  12.12981,6809.37934, -20.16926,6829.54860,  10.22758,   3.24711,   1.80197
2455186.90708,6798.45215,   3.30800,   3.00000,  14.70213,6783.75002, -20.70143,6804.45145,  10.51282,   3.45847,   1.85970
2455232.87375,4986.72015,   3.40000,   3.00000,  -4.01452,4990.73467, -29.51767,5020.25234,   5.55834,   5.74635,   2.39715
2455233.86233,4952.83215,   3.26700,   3.00000,  12.90374,4939.92841, -29.48278,4969.41119,   5.57793,   5.66750,   2.38065
2455259.89400,3444.26615,   5.05000,   3.00000,   1.00130,3443.26485, -27.52850,3470.79335,  -2.36395,   6.65105,   2.57896
2455272.87350,2598.24715,   3.05000,   3.00000,  -5.55439,2603.80154, -25.77403,2629.57556,  -7.16310,   4.04250,   2.01060
2455273.83607,2526.14415,   3.50000,   3.00000, -13.60955,2539.75370, -25.62303,2565.37673,  -7.55707,   4.02366,   2.00591
2455274.83475,2467.67515,   3.60000,   3.00000,  -5.40875,2473.08390, -25.46334,2498.54724,  -7.75798,   4.24614,   2.06062
2455321.78313,-756.29585,   3.43300,   3.00000, -14.55105,-741.74480, -14.70190,-727.04289, -11.77482,   5.09854,   2.25799
2455322.15480,-778.30785,   3.06700,   3.00000, -11.78941,-766.51844, -14.59443,-751.92400, -11.69233,   5.05425,   2.24817
2455349.25440,-2474.09985,   4.95000,   3.00000,  -3.95320,-2470.14665,  -6.15879,-2463.98786,  -3.38229,   3.71121,   1.92645
2455350.24520,-2528.86085,   3.13300,   3.00000,  -1.06294,-2527.79791,  -5.83410,-2521.96381,  -3.02596,   3.44771,   1.85680
2455351.27875,-2590.84585,   2.95000,   3.00000,  -3.30931,-2587.53654,  -5.49464,-2582.04190,  -2.73497,   3.41883,   1.84901
2455363.26218,-3246.84585,   3.28300,   3.00000,   2.13545,-3248.98130,  -1.51836,-3247.46294,   0.85164,   3.82375,   1.95544
2455375.27600,-3847.72185,   3.03300,   3.00000,   3.22021,-3850.94206,   2.49654,-3853.43860,   3.47012,   2.11477,   1.45422
2455376.24176,-3893.27985,   3.15700,   3.00000,   3.28131,-3896.56116,   2.81876,-3899.37993,   3.66547,   1.90404,   1.37987
2455377.27307,-3938.97285,   3.26700,   3.00000,   5.84172,-3944.81457,   3.16264,-3947.97721,   3.88502,   1.76865,   1.32991
2455378.26002,-3985.75385,   3.23800,   3.00000,   4.79072,-3990.54457,   3.49148,-3994.03605,   4.01848,   1.69708,   1.30272
2455379.21314,-4029.58085,   2.87000,   3.00000,   4.70964,-4034.29049,   3.80881,-4038.09929,   4.11523,   1.67837,   1.29552
2455380.22298,-4073.36885,   2.92000,   3.00000,   6.82349,-4080.19234,   4.14473,-4084.33706,   4.18595,   1.73415,   1.31687
2455381.19716,-4123.04285,   2.88300,   3.00000,   0.99354,-4124.03639,   4.46848,-4128.50487,   4.13625,   1.86568,   1.36590
2455382.22667,-4166.88085,   2.86000,   3.00000,   3.02285,-4169.90370,   4.81028,-4174.71399,   4.22482,   2.11377,   1.45388
2455403.91910,-5018.91185,   3.57800,   3.00000,   5.72306,-5024.63491,  11.89448,-5036.52938,   6.17110,   3.09085,   1.75808
2455404.06423,-5026.95085,   3.86700,   3.00000,   2.68888,-5029.63973,  11.94094,-5041.58067,   6.17898,   3.07202,   1.75272
2455406.27510,-5100.07585,   3.12500,   3.00000,   4.65052,-5104.72637,  12.64703,-5117.37340,   6.50660,   3.05100,   1.74671
2455407.25329,-5130.55885,   3.44200,   3.00000,   6.69942,-5137.25827,  12.95837,-5150.21663,   6.71652,   3.20974,   1.79158
2455432.15107,-5811.78885,   3.00300,   3.00000,  15.72424,-5827.51309,  20.63571,-5848.14880,   9.91356,   2.70086,   1.64343
2455433.21934,-5839.09985,   2.91700,   3.00000,  12.32712,-5851.42697,  20.95315,-5872.38011,   9.67329,   2.49645,   1.58002
2455435.18270,-5886.13585,   2.89500,   3.00000,   8.07596,-5894.21181,  21.53355,-5915.74536,   8.97461,   2.39912,   1.54891
2455436.90334,-5923.54585,   2.92000,   3.00000,   6.93095,-5930.47680,  22.03888,-5952.51568,   8.40501,   2.50819,   1.58373
2455439.83151,-5980.75585,   3.05700,   3.00000,   8.82820,-5989.58405,  22.89126,-6012.47531,   7.57447,   3.01059,   1.73511
2455462.98503,-6347.76385,   3.20000,   3.00000,   0.20696,-6347.97081,  29.13526,-6377.10607,  -1.50406,   2.31223,   1.52060
2455463.06219,-6351.54985,   3.50000,   3.00000,  -2.68883,-6348.86102,  29.15382,-6378.01484,  -1.54028,   2.29449,   1.51476
2455465.91202,-6384.88785,   3.34000,   3.00000,  -4.47131,-6380.41654,  29.82297,-6410.23952,  -2.75842,   1.82880,   1.35233
2455466.10863,-6386.87885,   3.31700,   3.00000,  -4.37952,-6382.49933,  29.86788,-6412.36721,  -2.82948,   1.80460,   1.34335
2455467.10019,-6393.45285,   3.19600,   3.00000,  -0.63273,-6392.82012,  30.09166,-6422.91178,  -3.12990,   1.76847,   1.32984
2455469.99365,-6434.04885,   3.85000,   3.00000, -12.84110,-6421.20775,  30.71673,-6451.92448,  -4.26474,   1.62711,   1.27558
2455470.08059,-6424.13285,   3.62500,   3.00000,  -2.11156,-6422.02129,  30.73481,-6452.75610,  -4.27691,   1.62102,   1.27319
2455471.07794,-6438.26785,   3.34000,   3.00000,  -7.07650,-6431.19135,  30.93912,-6462.13047,  -4.48247,   1.60811,   1.26811
2455472.16671,-6444.08785,   3.04000,   3.00000,  -3.22543,-6440.86242,  31.15524,-6472.01766,  -4.59989,   1.62479,   1.27467
2455473.10442,-6451.58785,   3.20000,   3.00000,  -2.67777,-6448.91008,  31.33525,-6480.24533,  -4.75032,   1.68748,   1.29903
2455474.12599,-6461.79785,   3.00000,   3.00000,  -4.41442,-6457.38343,  31.52451,-6488.90794,  -4.99114,   1.81100,   1.34574
2455480.95440,-6517.13685,   2.96700,   3.00000, -10.78795,-6506.34890,  32.57441,-6538.92330,  -6.63220,   1.97607,   1.40573
2455482.08610,-6514.07685,   3.06700,   3.00000,  -0.86773,-6513.20912,  32.70660,-6545.91572,  -6.67646,   1.91013,   1.38207
2455483.99780,-6531.01485,   3.30000,   3.00000,  -7.00358,-6524.01127,  32.89894,-6556.91021,  -7.19080,   1.89163,   1.37536
2455484.64923,-6535.63685,   3.06700,   3.00000,  -8.16774,-6527.46911,  32.95520,-6560.42431,  -7.36562,   1.91591,   1.38416
2455487.94155,-6553.25085,   3.26000,   3.00000, -10.00940,-6543.24145,  33.16295,-6576.40440,  -8.10050,   2.12702,   1.45843
2455489.89380,-6559.28285,   3.16700,   3.00000,  -8.00761,-6551.27524,  33.22275,-6584.49798,  -8.36401,   2.23431,   1.49476
2455490.91160,-6563.28885,   3.23300,   3.00000,  -8.20697,-6555.08188,  33.23443,-6588.31631,  -8.50578,   2.37684,   1.54170
2455499.94280,-6585.31285,   2.98000,   3.00000,  -7.49249,-6577.82036,  32.73223,-6610.55259,  -9.56967,   3.24286,   1.80079
2455500.94703,-6591.01785,   2.97000,   3.00000, -11.85319,-6579.16466,  32.60886,-6611.77352,  -9.74460,   3.39851,   1.84351
2455533.98213,-6519.68185,   3.50000,   3.00000, -12.59699,-6507.08486,  22.04400,-6529.12886,  -9.34439,   3.50002,   1.87083
2455534.98760,-6498.71485,   3.10000,   3.00000,   2.97477,-6501.68962,  21.55471,-6523.24433,  -9.14959,   3.29599,   1.81549
2455535.00540,-6517.61485,   3.20000,   3.00000, -16.02229,-6501.59256,  21.54597,-6523.13853,  -9.15484,   3.29680,   1.81571
2455553.02597,-6386.18585,   2.93300,   3.00000,  -9.20934,-6376.97651,  11.58396,-6388.56047,  -9.27824,   3.18524,   1.78473
2455558.98150,-6333.25985,   2.90000,   3.00000,  -8.39979,-6324.86006,   7.92066,-6332.78072,  -9.14732,   2.17076,   1.47335
2455559.49895,-6333.83985,   3.00000,   3.00000, -13.75050,-6320.08935,   7.59690,-6327.68624,  -9.14873,   2.10690,   1.45152
2455560.33973,-6321.98285,   3.00000,   3.00000,  -9.72663,-6312.25622,   7.06932,-6319.32554,  -8.98524,   2.11769,   1.45523
2455561.00650,-6318.86485,   3.10000,   3.00000, -12.89197,-6305.97288,   6.64971,-6312.62259,  -8.83333,   2.21515,   1.48834
2455572.94970,-6188.73285,   3.10000,   3.00000,  -5.72054,-6183.01231,  -0.95783,-6182.05448,  -4.10002,   2.75338,   1.65933
2455574.04975,-6173.13985,   3.35000,   3.00000,  -2.41947,-6170.72038,  -1.65793,-6169.06245,  -3.60122,   2.72782,   1.65161
2455576.00290,-6148.51485,   3.60000,   3.00000,  -0.00959,-6148.50526,  -2.89643,-6145.60884,  -2.80883,   2.92056,   1.70897
2455578.05440,-6123.27185,   3.15000,   3.00000,   1.36631,-6124.63816,  -4.18901,-6120.44916,  -2.17755,   3.33106,   1.82512
2455601.94130,-5810.01485,   3.20000,   3.00000,  -1.62086,-5808.39399, -17.83442,-5790.55957,   0.15779,   6.78616,   2.60503
2455634.18515,-5279.99385,   3.35000,   3.00000,   0.72622,-5280.72007, -28.84874,-5251.87133,   0.67540,   6.25216,   2.50043
2455643.88180,-5102.83285,   3.23300,   3.00000,  -0.44329,-5102.38956, -30.18939,-5072.20017,   0.04738,   5.82560,   2.41363
2455669.84880,-4583.18085,   3.40000,   3.00000,   4.22517,-4587.40602, -29.90744,-4557.49859,  -1.44484,   4.76841,   2.18367
2455670.96230,-4573.41485,   4.90000,   3.00000,  -9.18926,-4564.22559, -29.78794,-4534.43764,  -1.71624,   4.73295,   2.17553
2455675.79390,-4463.01485,   3.70000,   3.00000,  -0.32427,-4462.69058, -29.18283,-4433.50774,  -2.17507,   5.02328,   2.24127
2455695.82760,-4034.92585,   4.93300,   3.00000,  -8.60796,-4026.31789, -25.36966,-4000.94824,  -4.29166,   5.80489,   2.40933
2455699.13140,-3955.53085,   3.30000,   3.00000,  -3.37730,-3952.15355, -24.56891,-3927.58464,  -4.18344,   5.61799,   2.37023
2455726.64336,-3317.59985,   3.44000,   3.00000,  -4.25837,-3313.34148, -16.48599,-3296.85549,  -2.15892,   4.56203,   2.13589
2455728.27950,-3273.14285,   3.05000,   3.00000,   1.10592,-3274.24877, -15.93960,-3258.30917,  -1.84479,   4.42603,   2.10381
2455728.27970,-3283.42743,  15.40000,   2.00000,  -9.18344,-3274.24399, -15.93953,-3258.30445,  -1.84477,   4.42608,   2.10382
2455743.11593,-2914.94985,   3.63300,   3.00000,  -0.28916,-2914.66069, -10.73537,-2903.92532,  -0.51025,   5.47967,   2.34087
2455763.98780,-2396.61485,   3.50000,   3.00000,  -2.13653,-2394.47832,  -2.89567,-2391.58265,   0.71984,   3.38858,   1.84081
2455764.40345,-2381.70285,   3.53300,   3.00000,   2.25987,-2383.96272,  -2.73659,-2381.22613,   0.77147,   3.32602,   1.82374
2455765.89265,-2348.26685,   3.75000,   3.00000,  -2.02718,-2346.23967,  -2.16645,-2344.07321,   0.87823,   3.37398,   1.83684
2455767.10580,-2311.05485,   3.62500,   3.00000,   4.39992,-2315.45477,  -1.70189,-2313.75288,   1.06470,   3.59835,   1.89693
2455784.80905,-1853.90085,   4.20000,   3.00000,   7.03726,-1860.93811,   5.00713,-1865.94524,   1.20359,   7.04432,   2.65411
2455816.99810,-1019.42743,  11.70000,   2.00000,  -6.66356,-1012.76387,  16.17894,-1028.94281,  -5.34823,   3.73575,   1.93281
2455817.35863,-1012.02585,   4.60000,   3.00000,  -8.89541,-1003.13044,  16.29341,-1019.42385,  -5.41349,   3.58024,   1.89215
2455818.00480,-990.81485,   4.30000,   3.00000,  -4.95673,-985.85812,  16.49786,-1002.35598,  -5.48151,   3.39210,   1.84177
2455819.05840,-974.41485,   6.10000,   3.00000, -16.73765,-957.67720,  16.82924,-974.50644,  -5.60210,   3.22470,   1.79574
2455819.97665,-938.36943,  14.30000,   2.00000,  -5.27079,-933.09864,  17.11601,-950.21464,  -5.57304,   3.11837,   1.76589
2455820.08489,-935.45485,   4.25000,   3.00000,  -5.25453,-930.20032,  17.14968,-947.35000,  -5.56948,   3.10521,   1.76216
2455821.08504,-908.74043,  14.48600,   2.00000,  -5.33172,-903.40871,  17.45956,-920.86827,  -5.54201,   3.10997,   1.76351
2455824.08358,-825.09985,   3.82500,   3.00000,  -2.12969,-822.97016,  18.37421,-841.34437,  -5.43804,   2.90163,   1.70342
2455825.12343,-805.19285,   3.86700,   3.00000, -10.15711,-795.03574,  18.68617,-813.72192,  -5.49384,   2.90924,   1.70565
2455826.14485,-776.10285,   3.65000,   3.00000,  -8.52585,-767.57700,  18.98989,-786.56688,  -5.40906,   3.03781,   1.74293
2455841.96475,-342.63085,   3.65000,   3.00000,  -2.63886,-339.99199,  23.30222,-363.29421,  -2.24228,   3.21329,   1.79257
2455843.08755,-306.11385,   3.80000,   3.00000,   3.37767,-309.49152,  23.57681,-333.06833,  -1.99707,   3.10314,   1.76157
2455844.13155,-278.77085,   3.55000,   3.00000,   2.34388,-281.11473,  23.82796,-304.94269,  -1.93466,   3.14016,   1.77205
2455846.86905,-213.08785,   3.87500,   3.00000,  -6.45638,-206.63147,  24.46693,-231.09840,  -2.16004,   3.58960,   1.89462
2455863.43130, 244.72015,   4.00000,   3.00000,  -1.40901, 246.12916,  27.66001, 218.46915,  -1.69909,   4.45017,   2.10954
2455868.95140, 398.85415,   4.80000,   3.00000,   1.11325, 397.74090,  28.43580, 369.30510,  -1.68322,   4.04540,   2.01132
2455870.12864, 430.43915,   3.88000,   3.00000,   0.32547, 430.11368,  28.58061, 401.53307,  -1.75116,   4.01025,   2.00256
2455871.16240, 454.68515,   3.90000,   3.00000,  -3.86655, 458.55170,  28.70160, 429.85010,  -1.87338,   4.17453,   2.04317
2455898.05180,1190.56915,   4.45000,   3.00000, -10.35526,1200.92441,  29.56311,1171.36130,  -3.69851,   5.07193,   2.25210
2455900.12055,1254.64715,   3.95000,   3.00000,  -3.52767,1258.17482,  29.42533,1228.74949,  -3.50510,   4.82078,   2.19563
2455902.89490,1328.28515,   3.80000,   3.00000,  -6.67781,1334.96296,  29.18961,1305.77335,  -3.23244,   5.01927,   2.24037
2455931.98850,2144.78515,   4.10000,   3.00000,   5.31920,2139.46595,  22.89662,2116.56933,   2.52799,   3.50668,   1.87261
2455932.00600,2145.28515,   3.70000,   3.00000,   5.33645,2139.94870,  22.89064,2117.05806,   2.52971,   3.50281,   1.87158
2455933.96250,2193.38515,   5.00000,   3.00000,  -0.52024,2193.90539,  22.20462,2171.70077,   2.54850,   3.41514,   1.84801
2455934.98960,2224.78515,   3.60000,   3.00000,   2.56578,2222.21937,  21.83119,2200.38818,   2.61142,   3.43837,   1.85429
2455936.96745,2285.05615,   3.65000,   3.00000,   8.33710,2276.71905,  21.08653,2255.63252,   2.72670,   3.81538,   1.95330
2455966.95095,3093.41515,   3.95000,   3.00000,  -4.76588,3098.18103,   6.20283,3091.97820,  -0.85583,   4.54531,   2.13197
2455969.12000,3148.58515,   3.90000,   3.00000,  -8.62653,3157.21168,   4.92905,3152.28264,  -0.77245,   4.21459,   2.05295
2455974.01590,3297.78515,   4.10000,   3.00000,   7.54519,3290.23996,   2.00458,3288.23538,   0.59109,   4.02743,   2.00685
2455976.96640,3369.78515,   3.90000,   3.00000,  -0.47863,3370.26378,   0.21984,3370.04394,   0.93964,   4.11058,   2.02746
2455987.98805,3660.36415,   4.30000,   3.00000,  -7.82747,3668.19162,  -6.45668,3674.64830,   3.00619,   4.29800,   2.07316
2455994.92390,3864.38515,   3.50000,   3.00000,   9.56925,3854.81590, -10.54191,3865.35781,   6.27923,   3.62670,   1.90439
2455998.85330,3971.83715,   3.55000,   3.00000,  11.61308,3960.22407, -12.77421,3972.99828,   7.70263,   3.38722,   1.84044
2455999.83800,3999.58515,   3.70000,   3.00000,  12.98462,3986.60053, -13.32193,3999.92246,   7.92945,   3.44484,   1.85603
2456015.81930,4423.28515,   3.60000,   3.00000,  11.08821,4412.19694, -21.35927,4433.55621,   8.82594,   2.68799,   1.63951
2456016.86470,4447.98515,   3.60000,   3.00000,   8.13406,4439.85109, -21.81982,4461.67091,   8.78761,   2.49036,   1.57809
2456018.24330,4484.28515,   3.40000,   3.00000,   8.00579,4476.27936, -22.41349,4498.69284,   8.76203,   2.36251,   1.53704
2456020.15573,4533.66315,   3.46700,   3.00000,   6.92777,4526.73538, -23.21078,4549.94616,   8.77022,   2.32168,   1.52371
2456022.18350,4587.53615,   3.53300,   3.00000,   7.40541,4580.13074, -24.02215,4604.15290,   8.89715,   2.36480,   1.53779
2456024.14720,4649.28515,   3.20000,   3.00000,  17.55293,4631.73222, -24.77387,4656.50609,   9.10787,   2.48860,   1.57753
2456026.81040,4706.68515,   4.40000,   3.00000,   5.14755,4701.53760, -25.73891,4727.27651,   8.51342,   2.84770,   1.68751
2456031.18983,4825.26115,   3.45000,   3.00000,   9.41202,4815.84913, -27.18702,4843.03614,   7.84983,   3.30130,   1.81695
2456034.24200,4898.83515,   3.90000,   3.00000,   3.70033,4895.13482, -28.09271,4923.22753,   7.21508,   3.83805,   1.95909
2456053.18380,5384.11915,   3.55000,   3.00000,   5.62005,5378.49910, -31.80709,5410.30618,   5.29255,   4.78985,   2.18857
2456054.93190,5421.25315,   4.10000,   3.00000,  -0.95345,5422.20660, -31.98820,5454.19480,   5.12336,   4.86551,   2.20579
2456077.18022,5966.26015,   3.90000,   3.00000,   5.77250,5960.48765, -32.13406,5992.62170,   6.65072,   3.43590,   1.85362
2456078.14465,5987.92315,   3.80000,   3.00000,   4.98958,5982.93357, -32.05633,6014.98990,   6.72981,   3.24220,   1.80061
2456079.13920,6014.54015,   3.42500,   3.00000,   8.54922,6005.99093, -31.96930,6037.96023,   6.85942,   3.19193,   1.78660
2456082.15643,6086.86715,   3.66700,   3.00000,  11.49944,6075.36771, -31.66268,6107.03039,   7.05651,   3.44996,   1.85741
2456094.85800,6362.47257,  16.80000,   2.00000,   5.53442,6356.93815, -29.66048,6386.59863,   5.74666,   3.44220,   1.85532
2456094.90827,6358.22515,   3.52500,   3.00000,   0.20953,6358.01562, -29.65020,6387.66582,   5.74019,   3.43074,   1.85222
2456098.07685,6430.76615,   3.47500,   3.00000,   5.47965,6425.28650, -28.96384,6454.25034,   5.89012,   3.20314,   1.78973
2456106.97970,6602.17257,  24.00000,   2.00000,  -4.87095,6607.04352, -26.63470,6633.67822,   6.15732,   2.05985,   1.43522
2456106.98535,6616.73715,   3.75000,   3.00000,   9.58191,6607.15524, -26.63304,6633.78828,   6.15739,   2.05802,   1.43458
2456107.03698,6616.09015,   3.66000,   3.00000,   7.91423,6608.17592, -26.61789,6634.79381,   6.15279,   2.04765,   1.43096
2456108.40195,6644.58015,   3.51700,   3.00000,   9.56710,6635.01305, -26.21098,6661.22403,   5.94994,   1.88386,   1.37254
2456109.01550,6655.96915,   3.52500,   3.00000,   8.98627,6646.98288, -26.02417,6673.00705,   5.78120,   1.84567,   1.35855
2456110.09903,6675.18815,   3.66700,   3.00000,   7.21023,6667.97792, -25.68859,6693.66650,   5.36261,   1.84294,   1.35755
2456111.14207,6694.00215,   3.71000,   3.00000,   5.98953,6688.01262, -25.35891,6713.37153,   4.89338,   1.87792,   1.37037
2456114.12061,6745.26815,   3.68800,   3.00000,   1.01789,6744.25026, -24.38426,6768.63452,   3.42381,   1.89185,   1.37545
2456115.10153,6759.34515,   3.76700,   3.00000,  -3.10199,6762.44714, -24.05336,6786.50050,   3.00427,   1.87252,   1.36840
2456116.18620,6787.48515,   3.40000,   3.00000,   5.10798,6782.37717, -23.68226,6806.05944,   2.73338,   1.89028,   1.37487
2456117.14370,6807.07257,  13.70000,   2.00000,   7.27161,6799.80096, -23.35039,6823.15136,   2.41132,   1.96295,   1.40105
2456117.15585,6801.71015,   3.70000,   3.00000,   1.68913,6800.02102, -23.34616,6823.36718,   2.40706,   1.96358,   1.40128
2456118.18038,6819.28915,   3.61700,   3.00000,   0.80553,6818.48362, -22.98685,6841.47047,   2.06849,   2.10699,   1.45155
2456120.17049,6853.60015,   3.78600,   3.00000,  -0.20806,6853.80821, -22.27769,6876.08591,   1.48291,   2.48226,   1.57552
2456124.15214,6920.85315,   4.03700,   3.00000,  -1.42476,6922.27791, -20.82153,6943.09944,   0.48591,   3.26322,   1.80644
2456141.40843,7179.26815,   4.11400,   3.00000,  -1.96352,7181.23167, -14.21997,7195.45163,  -3.04816,   2.57208,   1.60377
2456142.04176,7187.40415,   3.74000,   3.00000,  -2.04786,7189.45201, -13.97463,7203.42665,  -3.19014,   2.42425,   1.55700
2456142.09450,7185.27257,  12.60000,   2.00000,  -4.85957,7190.13214, -13.95420,7204.08635,  -3.20374,   2.41880,   1.55525
2456143.85030,7207.27257,  23.70000,   2.00000,  -5.11103,7212.38360, -13.27424,7225.65784,  -3.64333,   2.17589,   1.47509
2456143.87985,7207.65515,   4.30000,   3.00000,  -5.09639,7212.75154, -13.26280,7226.01434,  -3.65062,   2.17045,   1.47325
2456144.04243,7212.36915,   3.63300,   3.00000,  -2.40286,7214.77201, -13.19986,7227.97187,  -3.68509,   2.15643,   1.46848
2456145.09553,7224.89415,   3.95000,   3.00000,  -2.80434,7227.69849, -12.79229,7240.49078,  -3.94911,   2.16866,   1.47264
2456146.06092,7235.82215,   3.58300,   3.00000,  -3.47908,7239.30123, -12.41890,7251.72012,  -4.21853,   2.23454,   1.49484
2456148.96227,7266.68615,   3.89000,   3.00000,  -6.03453,7272.72068, -11.29843,7284.01911,  -5.07709,   2.53638,   1.59260
2456149.27690,7265.98515,   3.90000,   3.00000, -10.22656,7276.21171, -11.17711,7287.38882,  -5.15962,   2.58671,   1.60833
2456150.52548,7284.28115,   3.85000,   3.00000,  -5.52320,7289.80435, -10.69607,7300.50042,  -5.30502,   2.92901,   1.71144
2456179.94110,7467.23415,   4.08300,   3.00000,  -6.75280,7473.98695,   0.35929,7473.62766,  -6.02119,   3.28644,   1.81286
2456180.03725,7468.66215,   4.07500,   3.00000,  -5.44896,7474.11111,   0.39440,7473.71671,  -6.01280,   3.26414,   1.80669
2456181.05389,7467.97915,   4.04300,   3.00000,  -7.23385,7475.21300,   0.76517,7474.44783,  -5.93537,   3.17683,   1.78237
2456183.06570,7474.87257,  15.70000,   2.00000,  -1.37341,7476.24598,   1.49644,7474.74954,  -5.69338,   3.20466,   1.79016
2456183.11498,7469.07415,   4.13300,   3.00000,  -7.17781,7476.25196,   1.51431,7474.73765,  -5.68757,   3.20367,   1.78988
2456192.07085,7453.98315,   4.02500,   3.00000,  -7.47469,7461.45784,   4.72785,7456.72999,  -4.05102,   2.72581,   1.65100
2456193.97443,7452.58215,   4.03300,   3.00000,  -1.52298,7454.10513,   5.40167,7448.70346,  -3.47355,   2.44028,   1.56214
2456194.06043,7452.33115,   3.87100,   3.00000,  -1.40583,7453.73698,   5.43203,7448.30494,  -3.45151,   2.43420,   1.56019
2456198.06504,7433.95315,   3.94000,   3.00000,   0.86287,7433.09028,   6.83783,7426.25244,  -2.62297,   2.23667,   1.49555
2456199.07652,7428.37515,   3.95000,   3.00000,   1.60055,7426.77460,   7.19036,7419.58424,  -2.50077,   2.16447,   1.47121
2456200.98730,7410.37915,   4.15000,   3.00000,  -3.22986,7413.60901,   7.85339,7405.75562,  -2.47461,   2.07851,   1.44170
2456201.02840,7406.08215,   4.36700,   3.00000,  -7.22579,7413.30794,   7.86761,7405.44034,  -2.47310,   2.07841,   1.44167
2456202.22979,7400.30615,   4.15700,   3.00000,  -3.86585,7404.17200,   8.28241,7395.88959,  -2.29365,   2.14321,   1.46397
2456203.13005,7393.77515,   4.17500,   3.00000,  -3.12319,7396.89834,   8.59220,7388.30614,  -2.11978,   2.22931,   1.49309
2456206.99440,7355.98515,   3.80000,   3.00000,  -5.46490,7361.45005,   9.91128,7351.53877,  -1.24324,   2.50539,   1.58284
2456207.00570,7363.38515,   4.30000,   3.00000,   2.04893,7361.33622,   9.91511,7351.42111,  -1.23921,   2.50662,   1.58323
2456210.96304,7321.52915,   4.20000,   3.00000,   3.77644,7317.75271,  11.24674,7306.50597,  -0.11457,   3.04168,   1.74404
2456211.86720,7301.38515,   5.20000,   3.00000,  -5.35676,7306.74191,  11.54808,7295.19383,   0.06040,   3.19762,   1.78819
2456215.97162,7254.78215,   4.10000,   3.00000,   3.05005,7251.73210,  12.90141,7238.83069,   1.25228,   3.96351,   1.99086
2456235.95797,6868.83715,   3.70000,   3.00000,   8.74374,6860.09341,  19.06648,6841.02693,   6.12280,   4.00294,   2.00074
2456237.93577,6818.63615,   4.00000,   3.00000,   8.96500,6809.67115,  19.62900,6790.04215,   6.40844,   3.82927,   1.95685
2456238.09505,6809.88515,   4.10000,   3.00000,   4.36891,6805.51624,  19.67386,6785.84238,   6.41997,   3.84229,   1.96018
2456238.99280,6784.27257,  15.70000,   2.00000,   2.43811,6781.83446,  19.92543,6761.90903,   6.53104,   4.08103,   2.02016
2456239.15220,6779.57257,  17.10000,   2.00000,   1.98978,6777.58279,  19.96987,6757.61292,   6.55185,   4.12393,   2.03075
2456252.49912,6378.19015,   3.98300,   3.00000,   7.31105,6370.87910,  23.42029,6347.45881,   8.08703,   5.61358,   2.36930
2456253.00550,6358.68515,   4.10000,   3.00000,   5.22546,6353.45969,  23.53956,6329.92013,   8.14260,   5.73675,   2.39515
2456317.94320,2999.67257,  17.60000,   2.00000,  -2.60658,3002.27915,  28.12653,2974.15262,   6.76778,   3.76210,   1.93961
2456318.59032,2965.72115,   3.72000,   3.00000,   5.93206,2959.78909,  28.04138,2931.74771,   6.63056,   3.41603,   1.84825
2456318.93950,2942.37257,  18.20000,   2.00000,   5.55963,2936.81294,  27.99423,2908.81871,   6.56331,   3.30085,   1.81682
2456319.96230,2883.03115,   3.83300,   3.00000,  13.71192,2869.31923,  27.85123,2841.46800,   6.36547,   2.95832,   1.71998
2456320.95327,2806.54715,   4.16700,   3.00000,   2.88907,2803.65808,  27.70572,2775.95236,   5.96015,   2.76646,   1.66327
2456321.93098,2751.90115,   4.04000,   3.00000,  13.27557,2738.62558,  27.55544,2711.07013,   5.63299,   2.67408,   1.63526
2456322.48338,2706.58715,   4.31700,   3.00000,   4.81116,2701.77599,  27.46757,2674.30842,   5.33531,   2.68101,   1.63738
2456323.35778,2649.85915,   4.38000,   3.00000,   6.56572,2643.29343,  27.32411,2615.96932,   4.87367,   2.77468,   1.66574
2456324.94533,2541.43415,   4.13300,   3.00000,   4.78255,2536.65160,  27.04989,2509.60171,   3.97078,   3.06886,   1.75181
2456342.98610,1283.93915,   4.20000,   3.00000, -10.13789,1294.07704,  22.68125,1271.39580,  -6.09504,   3.32056,   1.82224
2456343.05225,1280.68515,   4.10000,   3.00000,  -8.76857,1289.45372,  22.66103,1266.79269,  -6.12081,   3.31201,   1.81989
2456346.10235,1067.28815,   3.95000,   3.00000,  -8.77083,1076.05898,  21.69720,1054.36178,  -7.04567,   3.23305,   1.79807
2456347.97243, 935.35615,   4.23300,   3.00000,  -9.72566, 945.08181,  21.07614, 924.00567,  -7.46842,   3.31749,   1.82140
2456350.09690, 788.47415,   3.93300,   3.00000,  -7.77635, 796.25050,  20.34403, 775.90647,  -7.77764,   3.58239,   1.89272
2456354.55913, 473.85715,   4.53300,   3.00000, -10.03981, 483.89696,  18.72128, 465.17567,  -8.23621,   4.52031,   2.12610
2456372.02393,-726.98985,   4.43300,   3.00000,  -5.23111,-721.75874,  11.68990,-733.44864,  -6.89554,   6.07288,   2.46432
2456386.05603,-1660.22785,   4.56700,   3.00000, -11.36189,-1648.86596,   5.33137,-1654.19732,  -4.02968,   4.58889,   2.14217
2456387.01900,-1714.91485,   4.50000,   3.00000,  -4.39263,-1710.52222,   4.82905,-1715.35127,  -3.62896,   4.47357,   2.11508
2456388.96515,-1831.27485,   4.00000,   3.00000,   2.96931,-1834.24416,   3.78276,-1838.02692,  -2.77248,   4.52901,   2.12815
2456406.85960,-2906.54885,   4.23300,   3.00000,   2.63089,-2909.17974,  -6.89051,-2902.28923,   2.62154,   3.87041,   1.96734
2456407.94590,-2971.46985,   6.60000,   3.00000,  -1.03215,-2970.43770,  -7.54204,-2962.89565,   2.93413,   3.72001,   1.92873
2456409.85913,-3073.14385,   4.76700,   3.00000,   3.98908,-3077.13293,  -8.67794,-3068.45499,   3.55602,   3.50333,   1.87172
2456412.99530,-3254.41485,   4.50000,   3.00000,  -5.73525,-3248.67960, -10.50140,-3238.17820,   4.50739,   3.26777,   1.80770
2456413.56778,-3271.51985,   4.68300,   3.00000,   8.01917,-3279.53902, -10.82840,-3268.71062,   4.80394,   3.26331,   1.80646
2456413.80050,-3285.42743,  17.00000,   2.00000,   6.61582,-3292.04325, -10.96078,-3281.08247,   4.90850,   3.28870,   1.81348
2456415.91445,-3396.74385,   4.25000,   3.00000,   7.80519,-3404.54904, -12.14793,-3392.40111,   5.83426,   3.44066,   1.85490
2456416.86802,-3440.09185,   4.81700,   3.00000,  14.56690,-3454.65875, -12.67400,-3441.98475,   6.19491,   3.60992,   1.89998
2456432.87555,-4220.95185,   4.20000,   3.00000,  13.83229,-4234.78414, -20.48291,-4214.30124,   8.34939,   4.34943,   2.08553
2456435.98280,-4365.68185,   4.05000,   3.00000,   6.91250,-4372.59435, -21.75363,-4350.84072,   8.03855,   4.17895,   2.04425
2456440.16382,-4544.54985,   4.10000,   3.00000,   6.40476,-4550.95461, -23.33025,-4527.62436,   7.58985,   4.33350,   2.08171
2456443.09180,-4666.78285,   4.46700,   3.00000,   4.24259,-4671.02544, -24.34227,-4646.68317,   7.26627,   4.74450,   2.17819
2456462.06983,-5344.79885,   3.46700,   3.00000,   8.71607,-5353.51492, -29.04888,-5324.46604,   4.82437,   5.50817,   2.34695
2456470.13733,-5595.37485,   4.00000,   3.00000,  -0.89307,-5594.48178, -30.09359,-5564.38819,   2.14999,   5.69066,   2.38551
2456492.84245,-6125.78285,   3.60000,   3.00000,  -0.89616,-6124.88669, -30.23610,-6094.65059,  -3.09817,   2.97734,   1.72550
2456493.15220,-6138.69485,   3.60000,   3.00000,  -8.00198,-6130.69287, -30.21209,-6100.48077,  -3.17464,   2.90694,   1.70498
2456494.16970,-6152.49985,   3.65000,   3.00000,  -2.99263,-6149.50722, -30.12876,-6119.37846,  -3.26389,   2.83456,   1.68362
2456495.90625,-6190.78885,   3.56000,   3.00000, -10.08077,-6180.70808, -29.97092,-6150.73717,  -3.41408,   2.90559,   1.70458
2456496.96895,-6196.23943,  17.50000,   2.00000,   3.00135,-6199.24078, -29.86478,-6169.37600,  -3.26446,   3.08233,   1.75566
2456498.11300,-6217.17243,  19.05000,   2.00000,   1.54766,-6218.72009, -29.74257,-6188.97752,  -3.10646,   3.23074,   1.79743
2456498.98015,-6240.09585,   3.45000,   3.00000,  -6.93507,-6233.16078, -29.64452,-6203.51626,  -2.98643,   3.31387,   1.82040
2456516.90030,-6466.34785,   3.35000,   3.00000,   5.46513,-6471.81298, -26.67670,-6445.13628,   2.66496,   3.28887,   1.81353
2456518.03270,-6475.59685,   4.40000,   3.00000,   7.64407,-6483.24092, -26.43536,-6456.80556,   2.92638,   3.17771,   1.78261
2456523.07420,-6517.75385,   3.55000,   3.00000,  11.40412,-6529.15797, -25.29441,-6503.86356,   3.52537,   2.70678,   1.64523
2456524.07903,-6535.68385,   3.40000,   3.00000,   1.67542,-6537.35927, -25.05464,-6512.30463,   3.38043,   2.64995,   1.62787
2456526.95570,-6553.85785,   3.60000,   3.00000,   5.27394,-6559.13179, -24.34685,-6534.78494,   3.12789,   2.73431,   1.65358
2456529.98530,-6582.27785,   4.15000,   3.00000,  -2.90123,-6579.37662, -23.56882,-6555.80780,   2.64084,   2.90471,   1.70432
2456530.85373,-6584.58585,   3.81400,   3.00000,   0.09506,-6584.68091, -23.33992,-6561.34099,   2.62122,   2.99907,   1.73178
2456531.93187,-6585.14085,   3.95000,   3.00000,   5.82011,-6590.96096, -23.05225,-6567.90871,   2.67526,   3.26146,   1.80595
2456556.90308,-6640.62385,   3.80000,   3.00000,   7.88332,-6648.50717, -15.49264,-6633.01453,   1.64204,   4.50008,   2.12134
2456561.87370,-6638.31485,   3.40000,   3.00000,   3.21483,-6641.52968, -13.82577,-6627.70392,   0.57177,   3.75640,   1.93814
2456561.89750,-6633.52743,  11.50000,   2.00000,   7.95535,-6641.48278, -13.81768,-6627.66510,   0.56457,   3.75704,   1.93831
2456566.10952,-6634.96285,   3.68000,   3.00000,  -3.75044,-6631.21241, -12.37291,-6618.83949,  -0.79598,   3.62768,   1.90465
2456568.11190,-6627.66085,   4.75000,   3.00000,  -2.68073,-6624.98012, -11.67656,-6613.30355,  -1.23279,   3.76193,   1.93957
2456580.97628,-6569.31785,   3.96000,   3.00000,  -4.00035,-6565.31750,  -7.07486,-6558.24264,  -3.06394,   2.85204,   1.68880
2456581.94706,-6564.04585,   4.04000,   3.00000,  -4.54585,-6559.50000,  -6.71953,-6552.78047,  -3.12712,   2.67890,   1.63673
2456583.99030,-6554.61885,   3.80000,   3.00000,  -7.93839,-6546.68046,  -5.96834,-6540.71213,  -3.15780,   2.44740,   1.56442
2456584.01355,-6546.66485,   3.80000,   3.00000,  -0.13471,-6546.53014,  -5.95976,-6540.57038,  -3.15469,   2.44683,   1.56424
2456587.91050,-6526.00585,   3.78300,   3.00000,  -6.06049,-6519.94536,  -4.51500,-6515.43036,  -2.91529,   2.48484,   1.57634
2456589.90130,-6512.71485,   3.80000,   3.00000,  -7.39818,-6505.31667,  -3.77117,-6501.54549,  -2.56059,   2.46588,   1.57031
2456593.03960,-6490.87185,   4.00000,   3.00000, -10.01648,-6480.85537,  -2.59115,-6478.26423,  -1.49662,   2.42877,   1.55845
2456594.02315,-6474.68185,   3.80000,   3.00000,  -1.83911,-6472.84274,  -2.21952,-6470.62322,  -0.92419,   2.42897,   1.55852
2456595.01768,-6471.08585,   3.87500,   3.00000,  -6.51075,-6464.57510,  -1.84290,-6462.73220,  -0.31321,   2.51393,   1.58554
2456602.98775,-6386.27485,   3.90000,   3.00000,   6.20513,-6392.47998,   1.20391,-6393.68388,   6.07445,   2.48908,   1.57768
2456604.02256,-6372.59185,   3.88000,   3.00000,   9.78826,-6382.38011,   1.60294,-6383.98305,   6.89613,   2.38952,   1.54581
2456606.94584,-6338.90785,   4.00000,   3.00000,  14.05484,-6352.96269,   2.73403,-6355.69671,   8.95047,   2.16036,   1.46982
2456607.94424,-6327.63885,   3.86000,   3.00000,  14.98139,-6342.62024,   3.12156,-6345.74180,   9.50277,   2.07852,   1.44171
2456608.91040,-6313.10885,   4.00000,   3.00000,  19.36180,-6332.47065,   3.49714,-6335.96779,   9.87897,   2.05111,   1.43217
2456609.93893,-6305.17785,   3.63300,   3.00000,  16.33681,-6321.51466,   3.89755,-6325.41221,  10.00873,   2.06583,   1.43730
2456612.97115,-6276.92685,   3.80000,   3.00000,  11.39441,-6288.32126,   5.08124,-6293.40251,   9.73634,   2.09682,   1.44804
2456613.95325,-6268.14685,   4.05000,   3.00000,   9.14150,-6277.28835,   5.46558,-6282.75393,   9.58469,   2.09764,   1.44832
2456614.03267,-6268.37485,   4.15000,   3.00000,   8.01534,-6276.39019,   5.49668,-6281.88687,   9.57303,   2.10368,   1.45041
2456615.97839,-6243.96085,   4.02900,   3.00000,  10.14929,-6254.11014,   6.25940,-6260.36954,   9.34890,   2.34054,   1.52988
2456616.97965,-6239.62785,   3.97500,   3.00000,   2.81231,-6242.44016,   6.65246,-6249.09261,   9.20113,   2.50160,   1.58164
2456617.00760,-6232.16985,   4.16700,   3.00000,   9.94256,-6242.11241,   6.66343,-6248.77584,   9.20176,   2.50913,   1.58402
2456638.04160,-5961.32743,  21.60000,   2.00000,   5.59392,-5966.92135,  14.92798,-5981.84933,   7.70932,   3.54649,   1.88321
2456638.08607,-5956.86385,   3.88600,   3.00000,   9.41904,-5966.28289,  14.94526,-5981.22814,   7.70322,   3.53401,   1.87990
2456639.52634,-5941.34585,   3.78800,   3.00000,   4.13834,-5945.48419,  15.50382,-5960.98801,   7.43009,   3.38152,   1.83889
2456639.93370,-5933.82743,  19.60000,   2.00000,   5.73198,-5939.55941,  15.66140,-5955.22081,   7.39036,   3.40702,   1.84581
2456642.99730,-5888.11485,   3.60000,   3.00000,   6.30004,-5894.41489,  16.83981,-5911.25470,   7.07137,   3.45406,   1.85851
2456643.04427,-5889.86485,   3.75000,   3.00000,   3.84993,-5893.71478,  16.85777,-5910.57255,   7.06728,   3.46293,   1.86089
2456644.34607,-5864.76385,   3.66700,   3.00000,   9.45257,-5874.21642,  17.35433,-5891.57075,   7.07524,   3.97272,   1.99317
2458191.91966,6308.86352,   0.36693,   4.00000,  -2.77185,6311.63537, -15.43231,6327.06768,  -2.02737,   2.97107,   1.72368
2458194.90862,6374.66792,   0.30914,   4.00000,  -1.90602,6376.57395, -14.33510,6390.90904,  -1.25153,   2.37917,   1.54246
2458197.90474,6441.44089,   0.29320,   4.00000,   0.95076,6440.49013, -13.22771,6453.71785,  -0.29341,   2.58640,   1.60823
2458222.91929,6926.18926,   0.33882,   4.00000,   5.53479,6920.65447,  -3.99104,6924.64551,   5.15637,   4.43423,   2.10576
2458250.93645,7319.13838,   0.40008,   4.00000,   6.89521,7312.24317,   5.87071,7306.37246,   7.22840,   5.54671,   2.35515
2458318.94987,7216.64096,   0.68059,   4.00000,  -2.63033,7219.27129,  25.85333,7193.41796,  -3.01147,   6.43796,   2.53731
2458383.59678,5030.74998,   0.33061,   4.00000,  -1.76009,5032.51007,  27.78575,5004.72432,  -1.34518,   5.76581,   2.40121
2458587.93402,-6011.03619,   0.33673,   4.00000,   9.08828,-6020.12447, -20.58134,-5999.54314,   8.30133,   4.51671,   2.12526
2458600.93436,-6242.82776,   0.31505,   4.00000,  10.21987,-6253.04764, -16.78160,-6236.26603,  10.45566,   4.90671,   2.21511
2458729.61089,-6073.27209,   0.28897,   4.00000,  -7.98083,-6065.29127,  26.64972,-6091.94099,  -9.14913,   3.67574,   1.91722
2458733.67390,-6022.94046,   0.76094,   4.00000, -12.54334,-6010.39712,  27.77765,-6038.17477,  -8.56271,   2.88881,   1.69965
2458742.62857,-5884.97012,   0.31861,   4.00000,  -2.05810,-5882.91202,  29.93932,-5912.85134,  -4.18942,   4.22472,   2.05541
